ContactName,EmailAddress,POAddressLine1,POAddressLine2,POAddressLine3,POAddressLine4,POCity,PORegion,POPostalCode,POCountry,InvoiceNumber,Reference,InvoiceDate,DueDate,Total,InventoryItemCode,Description,Quantity,UnitAmount,Discount,AccountCode,TaxType,TaxAmount,TrackingName1,TrackingOption1,TrackingName2,TrackingOption2,Currency,BrandingTheme
Raaj,,,,,,,,,,12,,2019-7-8,2019-7-8,,,"Vivamus tortor. Duis mattis egestas metus. Aenean fermentum. Donec ut mauris eget massa tempor convallis. Nulla neque libero, convallis eget, eleifend luctus, ultricies eu, nibh. Quisque id justo sit amet sapien dignissim vestibulum. Vestibulum ante ipsum primis in faucibus orci luctus et ultrices posuere cubilia Curae; Nulla dapibus dolor vel est. Donec odio justo, sollicitudin ut, suscipit a, feugiat et, eros. Vestibulum ac est lacinia nisi venenatis tristique. Fusce congue, diam id ornare imperdiet, sapien urna pretium nisl, ut volutpat sapien arcu sed augue.",53,39,,39,,,,,,,,
Transcof,,,,,,,,,,48,,2019-7-9,2019-7-9,,,Integer tincidunt ante vel ipsum. Praesent blandit lacinia erat. Vestibulum sed magna at nunc commodo placerat. Praesent blandit. Nam nulla.,81,3,,41,,,,,,,,
Bitchip,,,,,,,,,,94,,2019-8-10,2019-8-10,,,"Nulla neque libero, convallis eget, eleifend luctus, ultricies eu, nibh. Quisque id justo sit amet sapien dignissim vestibulum.",60,81,,96,,,,,,,,
Sub-Ex,,,,,,,,,,23,,2019-8-11,2019-8-11,,,"Donec dapibus. Duis at velit eu est congue elementum. In hac habitasse platea dictumst. Morbi vestibulum, velit id pretium iaculis, diam erat fermentum justo, nec condimentum neque sapien placerat ante. Nulla justo. Aliquam quis turpis eget elit sodales scelerisque. Mauris sit amet eros. Suspendisse accumsan tortor quis turpis. Sed ante.",88,68,,84,,,,,,,,
Viva,,,,,,,,,,27,,2019-8-12,2019-8-12,,,"In hac habitasse platea dictumst. Morbi vestibulum, velit id pretium iaculis, diam erat fermentum justo, nec condimentum neque sapien placerat ante. Nulla justo. Aliquam quis turpis eget elit sodales scelerisque. Mauris sit amet eros. Suspendisse accumsan tortor quis turpis. Sed ante. Vivamus tortor. Duis mattis egestas metus. Aenean fermentum.",38,32,,98,,,,,,,,
Voyatouch,,,,,,,,,,70,,2019-9-13,2019-9-13,,,"Donec diam neque, vestibulum eget, vulputate ut, ultrices vel, augue. Vestibulum ante ipsum primis in faucibus orci luctus et ultrices posuere cubilia Curae; Donec pharetra, magna vestibulum aliquet ultrices, erat tortor sollicitudin mi, sit amet lobortis sapien sapien non mi. Integer ac neque. Duis bibendum. Morbi non quam nec dui luctus rutrum. Nulla tellus. In sagittis dui vel nisl.",84,10,,46,,,,,,,,
Biodex,,,,,,,,,,4,,2019-7-14,2019-7-14,,,"Vestibulum rutrum rutrum neque. Aenean auctor gravida sem. Praesent id massa id nisl venenatis lacinia. Aenean sit amet justo. Morbi ut odio. Cras mi pede, malesuada in, imperdiet et, commodo vulputate, justo. In blandit ultrices enim.",44,98,,53,,,,,,,,
Domainer,,,,,,,,,,88,,2019-7-15,2019-7-15,,,Nullam varius. Nulla facilisi. Cras non velit nec nisi vulputate nonummy. Maecenas tincidunt lacus at velit.,90,76,,95,,,,,,,,
Subin,,,,,,,,,,99,,2019-9-16,2019-9-16,,,"Nam dui. Proin leo odio, porttitor id, consequat in, consequat ut, nulla. Sed accumsan felis. Ut at dolor quis odio consequat varius.",31,9,,70,,,,,,,,
Overhold,,,,,,,,,,16,,2019-9-17,2019-9-17,,,Curabitur at ipsum ac tellus semper interdum. Mauris ullamcorper purus sit amet nulla.,73,86,,72,,,,,,,,
Flowdesk,,,,,,,,,,10,,2019-10-18,2019-10-18,,,"Nunc nisl. Duis bibendum, felis sed interdum venenatis, turpis enim blandit mi, in porttitor pede justo eu massa. Donec dapibus. Duis at velit eu est congue elementum.",65,9,,77,,,,,,,,
Alpha,,,,,,,,,,58,,2019-10-19,2019-10-19,,,"Nullam orci pede, venenatis non, sodales sed, tincidunt eu, felis. Fusce posuere felis sed lacus. Morbi sem mauris, laoreet ut, rhoncus aliquet, pulvinar sed, nisl. Nunc rhoncus dui vel sem. Sed sagittis. Nam congue, risus semper porta volutpat, quam pede lobortis ligula, sit amet eleifend pede libero quis orci. Nullam molestie nibh in lectus. Pellentesque at nulla. Suspendisse potenti. Cras in purus eu magna vulputate luctus.",49,39,,40,,,,,,,,
Zathin,,,,,,,,,,59,,2019-10-20,2019-10-20,,,"Donec quis orci eget orci vehicula condimentum. Curabitur in libero ut massa volutpat convallis. Morbi odio odio, elementum eu, interdum eu, tincidunt in, leo. Maecenas pulvinar lobortis est. Phasellus sit amet erat. Nulla tempus. Vivamus in felis eu sapien cursus vestibulum. Proin eu mi. Nulla ac enim. In tempor, turpis nec euismod scelerisque, quam turpis adipiscing lorem, vitae mattis nibh ligula nec sem.",35,42,,63,,,,,,,,
Zoolab,,,,,,,,,,64,,2019-7-21,2019-7-21,,,"Nam nulla. Integer pede justo, lacinia eget, tincidunt eget, tempus vel, pede. Morbi porttitor lorem id ligula. Suspendisse ornare consequat lectus. In est risus, auctor sed, tristique in, tempus sit amet, sem. Fusce consequat. Nulla nisl.",70,62,,24,,,,,,,,
Quo Lux,,,,,,,,,,55,,2019-7-22,2019-7-22,,,"Curabitur convallis. Duis consequat dui nec nisi volutpat eleifend. Donec ut dolor. Morbi vel lectus in quam fringilla rhoncus. Mauris enim leo, rhoncus sed, vestibulum sit amet, cursus id, turpis. Integer aliquet, massa id lobortis convallis, tortor risus dapibus augue, vel accumsan tellus nisi eu orci. Mauris lacinia sapien quis libero. Nullam sit amet turpis elementum ligula vehicula consequat. Morbi a ipsum.",63,56,,21,,,,,,,,
Asoka,,,,,,,,,,92,,2019-7-23,2019-7-23,,,"Sed sagittis. Nam congue, risus semper porta volutpat, quam pede lobortis ligula, sit amet eleifend pede libero quis orci. Nullam molestie nibh in lectus. Pellentesque at nulla. Suspendisse potenti. Cras in purus eu magna vulputate luctus. Cum sociis natoque penatibus et magnis dis parturient montes, nascetur ridiculus mus. Vivamus vestibulum sagittis sapien.",24,35,,18,,,,,,,,
Namfix,,,,,,,,,,61,,2019-7-24,2019-7-24,,,"Integer pede justo, lacinia eget, tincidunt eget, tempus vel, pede.",99,10,,83,,,,,,,,
Overhold,,,,,,,,,,46,,2019-7-25,2019-7-25,,,"Maecenas ut massa quis augue luctus tincidunt. Nulla mollis molestie lorem. Quisque ut erat. Curabitur gravida nisi at nibh. In hac habitasse platea dictumst. Aliquam augue quam, sollicitudin vitae, consectetuer eget, rutrum at, lorem.",95,15,,8,,,,,,,,
Viva,,,,,,,,,,31,,2019-7-26,2019-7-26,,,"Nulla mollis molestie lorem. Quisque ut erat. Curabitur gravida nisi at nibh. In hac habitasse platea dictumst. Aliquam augue quam, sollicitudin vitae, consectetuer eget, rutrum at, lorem. Integer tincidunt ante vel ipsum. Praesent blandit lacinia erat.",38,37,,95,,,,,,,,
Andalax,,,,,,,,,,63,,2019-7-27,2019-7-27,,,"Maecenas pulvinar lobortis est. Phasellus sit amet erat. Nulla tempus. Vivamus in felis eu sapien cursus vestibulum. Proin eu mi. Nulla ac enim. In tempor, turpis nec euismod scelerisque, quam turpis adipiscing lorem, vitae mattis nibh ligula nec sem. Duis aliquam convallis nunc. Proin at turpis a pede posuere nonummy.",95,75,,42,,,,,,,,
Temp,,,,,,,,,,53,,2019-7-28,2019-7-28,,,"Integer pede justo, lacinia eget, tincidunt eget, tempus vel, pede. Morbi porttitor lorem id ligula. Suspendisse ornare consequat lectus. In est risus, auctor sed, tristique in, tempus sit amet, sem. Fusce consequat. Nulla nisl. Nunc nisl. Duis bibendum, felis sed interdum venenatis, turpis enim blandit mi, in porttitor pede justo eu massa.",38,73,,8,,,,,,,,
Sonsing,,,,,,,,,,37,,2019-7-29,2019-7-29,,,"Maecenas leo odio, condimentum id, luctus nec, molestie sed, justo. Pellentesque viverra pede ac diam.",6,99,,35,,,,,,,,
Fixflex,,,,,,,,,,82,,2019-7-30,2019-7-30,,,Aliquam quis turpis eget elit sodales scelerisque.,68,26,,87,,,,,,,,
Daltfresh,,,,,,,,,,68,,2019-7-31,2019-7-31,,,"Mauris enim leo, rhoncus sed, vestibulum sit amet, cursus id, turpis. Integer aliquet, massa id lobortis convallis, tortor risus dapibus augue, vel accumsan tellus nisi eu orci.",33,72,,40,,,,,,,,
